-- phpMyAdmin SQL Dump
-- version 4.8.5
-- https://www.phpmyadmin.net/
--
-- Host: localhost
-- Generation Time: Feb 21, 2019 at 04:49 PM
-- Server version: 5.6.42
-- PHP Version: 7.0.33

SET SQL_MODE = "NO_AUTO_VALUE_ON_ZERO";
SET AUTOCOMMIT = 0;
START TRANSACTION;
SET time_zone = "+00:00";


/*!40101 SET @OLD_CHARACTER_SET_CLIENT=@@CHARACTER_SET_CLIENT */;
/*!40101 SET @OLD_CHARACTER_SET_RESULTS=@@CHARACTER_SET_RESULTS */;
/*!40101 SET @OLD_COLLATION_CONNECTION=@@COLLATION_CONNECTION */;
/*!40101 SET NAMES utf8mb4 */;

--
-- Database: `istequiz`
--

-- --------------------------------------------------------

--
-- Table structure for table `administrator`
--

CREATE TABLE `administrator` (
  `name` varchar(255) COLLATE utf8_unicode_ci NOT NULL,
  `password` varchar(255) COLLATE utf8_unicode_ci NOT NULL
) ENGINE=InnoDB DEFAULT CHARSET=utf8 COLLATE=utf8_unicode_ci;

--
-- Dumping data for table `administrator`
--

INSERT INTO `administrator` (`name`, `password`) VALUES
('isteknit', '36511d1b261fbb5000d453d2e2a8f73d');

-- --------------------------------------------------------

--
-- Table structure for table `bannedUser`
--

CREATE TABLE `bannedUser` (
  `id` int(11) NOT NULL,
  `email` varchar(32) COLLATE utf8_unicode_ci NOT NULL
) ENGINE=InnoDB DEFAULT CHARSET=utf8 COLLATE=utf8_unicode_ci;

-- --------------------------------------------------------

--
-- Table structure for table `leader`
--

CREATE TABLE `leader` (
  `id` int(11) NOT NULL,
  `user_id` int(11) NOT NULL,
  `question_id` int(11) NOT NULL
) ENGINE=InnoDB DEFAULT CHARSET=utf8 COLLATE=utf8_unicode_ci;

--
-- Dumping data for table `leader`
--

INSERT INTO `leader` (`id`, `user_id`, `question_id`) VALUES
(18, 9, 1),
(19, 9, 2),
(20, 9, 3),
(21, 9, 4),
(22, 10, 1),
(23, 11, 1),
(24, 12, 1),
(25, 13, 1),
(26, 14, 1),
(27, 15, 1),
(28, 16, 1),
(29, 12, 1),
(30, 17, 1),
(31, 18, 1),
(32, 19, 1),
(33, 20, 1),
(34, 21, 1),
(35, 11, 2),
(36, 13, 2),
(37, 20, 2),
(38, 22, 1),
(39, 23, 1),
(40, 10, 2),
(41, 24, 1),
(42, 25, 1),
(43, 26, 1),
(44, 27, 1),
(45, 28, 1),
(46, 9, 5),
(47, 29, 1),
(48, 30, 1),
(49, 10, 1),
(50, 31, 1),
(51, 32, 1),
(52, 20, 3),
(53, 33, 1),
(54, 34, 1),
(55, 21, 2),
(56, 22, 2),
(57, 17, 2),
(58, 35, 1),
(59, 36, 1),
(60, 19, 1),
(61, 9, 6),
(62, 37, 1),
(63, 13, 3),
(64, 38, 1),
(65, 39, 1),
(66, 40, 1),
(67, 41, 1),
(68, 42, 1),
(69, 43, 1),
(70, 44, 1),
(71, 45, 1),
(72, 44, 1),
(73, 46, 1),
(74, 47, 1),
(75, 48, 1),
(76, 49, 1),
(77, 50, 1),
(78, 19, 2),
(79, 51, 1),
(80, 52, 1),
(81, 19, 1),
(82, 48, 2),
(83, 28, 2),
(84, 48, 3),
(85, 43, 2),
(86, 46, 1),
(87, 53, 1),
(88, 43, 3),
(89, 43, 4),
(90, 37, 2),
(91, 41, 2),
(92, 32, 2),
(93, 42, 2),
(94, 43, 5),
(95, 43, 6),
(96, 43, 7),
(97, 30, 1),
(98, 54, 1),
(99, 48, 1),
(100, 41, 3),
(101, 9, 7),
(102, 37, 3),
(103, 42, 3),
(104, 55, 1),
(105, 9, 8),
(106, 56, 1),
(107, 32, 3),
(108, 31, 1),
(109, 51, 2),
(110, 57, 1),
(111, 27, 1),
(112, 16, 2),
(113, 15, 2),
(114, 58, 1),
(115, 59, 1),
(116, 60, 1),
(117, 12, 2),
(118, 56, 2),
(119, 60, 2),
(120, 29, 2),
(121, 19, 1),
(122, 49, 2),
(123, 61, 1),
(124, 60, 3),
(125, 60, 4),
(126, 62, 1),
(127, 47, 2),
(128, 63, 1),
(129, 64, 1),
(130, 56, 3),
(131, 65, 1),
(132, 29, 3),
(133, 49, 3),
(134, 43, 1),
(135, 66, 1),
(136, 67, 1),
(137, 68, 1),
(138, 69, 1),
(139, 70, 1),
(140, 47, 1),
(141, 10, 1),
(142, 71, 1),
(143, 71, 2),
(144, 64, 2),
(145, 70, 2),
(146, 70, 3),
(147, 71, 3),
(148, 60, 1),
(149, 10, 3),
(150, 32, 4),
(151, 58, 2),
(152, 58, 3),
(153, 37, 4),
(154, 41, 4),
(155, 41, 5),
(156, 32, 5),
(157, 37, 5),
(158, 72, 1),
(159, 73, 1),
(160, 71, 4),
(161, 71, 5),
(162, 74, 1),
(163, 74, 1),
(164, 20, 4),
(165, 75, 1),
(166, 15, 3),
(167, 42, 4),
(168, 76, 1),
(169, 16, 3),
(170, 42, 5),
(171, 58, 4),
(172, 58, 5),
(173, 60, 1),
(174, 74, 1),
(175, 26, 1),
(176, 77, 1),
(177, 26, 2),
(178, 9, 9),
(179, 9, 10),
(180, 70, 4),
(181, 78, 1),
(182, 70, 5),
(183, 67, 2),
(184, 68, 2),
(185, 54, 2),
(186, 20, 5),
(187, 79, 1),
(188, 52, 2),
(189, 17, 3),
(190, 21, 3),
(191, 22, 3),
(192, 39, 1),
(193, 39, 2),
(194, 30, 2),
(195, 75, 1),
(196, 80, 1),
(197, 61, 1),
(198, 14, 2),
(199, 81, 1),
(200, 80, 1),
(201, 82, 1),
(202, 83, 1),
(203, 84, 1),
(204, 85, 1),
(205, 55, 2),
(206, 48, 4),
(207, 41, 6),
(208, 32, 6),
(209, 37, 6),
(210, 71, 6),
(211, 86, 1),
(212, 49, 1),
(213, 75, 2),
(214, 63, 1),
(215, 85, 2),
(216, 63, 1),
(217, 63, 2),
(218, 19, 1),
(219, 87, 1),
(220, 43, 1),
(221, 88, 1),
(222, 48, 5),
(223, 87, 1),
(224, 89, 1),
(225, 77, 2),
(226, 90, 1),
(227, 91, 1),
(228, 91, 2),
(229, 66, 2),
(230, 92, 1),
(231, 93, 1),
(232, 92, 2),
(233, 92, 3),
(234, 53, 2),
(235, 87, 2),
(236, 94, 1),
(237, 9, 11),
(238, 9, 12),
(239, 30, 1),
(240, 94, 2),
(241, 67, 3),
(242, 68, 3),
(243, 54, 3),
(244, 68, 4),
(245, 67, 4),
(246, 54, 4),
(247, 95, 1),
(248, 67, 5),
(249, 54, 5),
(250, 68, 5),
(251, 24, 1),
(252, 12, 3),
(253, 12, 4),
(254, 96, 1),
(255, 9, 1),
(256, 97, 1),
(257, 63, 3),
(258, 55, 3),
(259, 91, 3),
(260, 98, 1),
(261, 87, 3),
(262, 99, 1),
(263, 14, 3),
(264, 100, 1),
(265, 99, 2),
(266, 96, 1),
(267, 99, 3),
(268, 15, 4),
(269, 96, 1),
(270, 16, 4),
(271, 39, 3),
(272, 56, 4),
(273, 96, 1),
(274, 101, 1),
(275, 30, 3),
(276, 96, 2),
(277, 96, 3),
(278, 96, 4),
(279, 94, 3),
(280, 96, 5),
(281, 101, 2),
(282, 66, 3),
(283, 97, 2),
(284, 98, 2),
(285, 101, 3),
(286, 53, 3),
(287, 97, 3),
(288, 98, 3),
(289, 30, 4),
(290, 70, 1),
(291, 79, 2),
(292, 70, 1),
(293, 15, 5),
(294, 14, 4),
(295, 16, 5),
(296, 91, 4),
(297, 30, 5),
(298, 39, 4),
(299, 48, 6),
(300, 39, 5),
(301, 14, 5),
(302, 87, 4),
(303, 79, 3),
(304, 33, 1),
(305, 91, 5),
(306, 33, 2),
(307, 20, 6),
(308, 33, 3),
(309, 102, 1),
(310, 39, 6),
(311, 30, 6),
(312, 30, 7),
(313, 39, 7),
(314, 87, 5),
(315, 74, 1),
(316, 14, 6),
(317, 20, 7),
(318, 103, 1),
(319, 14, 7),
(320, 23, 1),
(321, 79, 4),
(322, 23, 2),
(323, 20, 8),
(324, 104, 1),
(325, 102, 1),
(326, 102, 1),
(327, 102, 1),
(328, 103, 2),
(329, 30, 8),
(330, 74, 2),
(331, 14, 8),
(332, 39, 8),
(333, 74, 3),
(334, 42, 1),
(335, 103, 3),
(336, 32, 7),
(337, 30, 9),
(338, 39, 9),
(339, 41, 7),
(340, 37, 7),
(341, 14, 9),
(342, 9, 1),
(343, 87, 1),
(344, 87, 6),
(345, 104, 2),
(346, 71, 7),
(347, 79, 5),
(348, 41, 8),
(349, 71, 8),
(350, 37, 8),
(351, 32, 8),
(352, 20, 9),
(353, 9, 13),
(354, 9, 14),
(355, 39, 10),
(356, 30, 10),
(357, 14, 10),
(358, 71, 9),
(359, 41, 9),
(360, 37, 9),
(361, 32, 9),
(362, 104, 3),
(363, 87, 7),
(364, 9, 15),
(365, 9, 16),
(366, 9, 17),
(367, 105, 1),
(368, 105, 2),
(369, 106, 1),
(370, 107, 1),
(371, 20, 10),
(372, 42, 6),
(373, 42, 7),
(374, 108, 1),
(375, 109, 1),
(376, 32, 1),
(377, 11, 1),
(378, 107, 2),
(379, 107, 3),
(380, 109, 2),
(381, 109, 3),
(382, 109, 4),
(383, 109, 5),
(384, 109, 6),
(385, 109, 7),
(386, 109, 8),
(387, 42, 8),
(388, 105, 3),
(389, 109, 9),
(390, 42, 9),
(391, 105, 4),
(392, 108, 2),
(393, 108, 3),
(394, 71, 10),
(395, 41, 10),
(396, 37, 10),
(397, 32, 10),
(398, 9, 1),
(399, 106, 2),
(400, 106, 3),
(401, 106, 4),
(402, 106, 5),
(403, 106, 6),
(404, 106, 7),
(405, 106, 8),
(406, 106, 9),
(407, 109, 10),
(408, 106, 10),
(409, 42, 10),
(410, 11, 1),
(411, 110, 1),
(412, 110, 1),
(413, 110, 2),
(414, 110, 3),
(415, 110, 4),
(416, 110, 5),
(417, 97, 1),
(418, 9, 1),
(419, 9, 1),
(420, 12, 1),
(421, 12, 5),
(422, 63, 1),
(423, 63, 4),
(424, 63, 5),
(425, 111, 1),
(426, 62, 1),
(427, 96, 1),
(428, 11, 1),
(429, 48, 1),
(430, 71, 1),
(431, 56, 1),
(432, 41, 1),
(433, 62, 1),
(434, 111, 2),
(435, 97, 1),
(436, 97, 4),
(437, 37, 1),
(438, 14, 1),
(439, 55, 1),
(440, 112, 1),
(441, 111, 3),
(442, 55, 4),
(443, 55, 5),
(444, 111, 4),
(445, 56, 5),
(446, 106, 1),
(447, 42, 1),
(448, 112, 2),
(449, 112, 3),
(450, 9, 1),
(451, 112, 4),
(452, 112, 5),
(453, 97, 5),
(454, 19, 1),
(455, 103, 1),
(456, 33, 1),
(457, 66, 1),
(458, 113, 1),
(459, 66, 4),
(460, 33, 1),
(461, 103, 4),
(462, 113, 2),
(463, 33, 4),
(464, 30, 1),
(465, 113, 3),
(466, 113, 4),
(467, 113, 5),
(468, 33, 5),
(469, 101, 1),
(470, 101, 4),
(471, 96, 6),
(472, 96, 7),
(473, 96, 8),
(474, 66, 5),
(475, 96, 9),
(476, 114, 1),
(477, 96, 10),
(478, 12, 1),
(479, 54, 1),
(480, 30, 1),
(481, 9, 1),
(482, 20, 1),
(483, 101, 5),
(484, 30, 11),
(485, 14, 11),
(486, 20, 11),
(487, 115, 1),
(488, 115, 2),
(489, 20, 12),
(490, 91, 1),
(491, 9, 1),
(492, 9, 18),
(493, 42, 1),
(494, 30, 1),
(495, 50, 1),
(496, 42, 1),
(497, 50, 2),
(498, 116, 1),
(499, 114, 2),
(500, 37, 1),
(501, 29, 1),
(502, 29, 4),
(503, 30, 1),
(504, 30, 1),
(505, 21, 1),
(506, 21, 4),
(507, 114, 3),
(508, 42, 11),
(509, 114, 4),
(510, 117, 1),
(511, 118, 1),
(512, 49, 1),
(513, 49, 4),
(514, 118, 2),
(515, 118, 3),
(516, 118, 4),
(517, 118, 5),
(518, 96, 1),
(519, 32, 1),
(520, 33, 1),
(521, 16, 1),
(522, 16, 6),
(523, 76, 1),
(524, 76, 2),
(525, 76, 3),
(526, 76, 4),
(527, 76, 5),
(528, 91, 6),
(529, 106, 1),
(530, 117, 1),
(531, 117, 2),
(532, 117, 3),
(533, 15, 1),
(534, 15, 6),
(535, 117, 4),
(536, 96, 1),
(537, 109, 1),
(538, 98, 1),
(539, 98, 4),
(540, 98, 5),
(541, 119, 1),
(542, 49, 5),
(543, 119, 2),
(544, 82, 1),
(545, 82, 2),
(546, 29, 5),
(547, 82, 3),
(548, 120, 1),
(549, 82, 4),
(550, 120, 2),
(551, 120, 3),
(552, 120, 4),
(553, 120, 5),
(554, 120, 6),
(555, 120, 7),
(556, 120, 8),
(557, 120, 9),
(558, 120, 10),
(559, 120, 11),
(560, 96, 1),
(561, 105, 1),
(562, 112, 6),
(563, 98, 6),
(564, 118, 6),
(565, 97, 6),
(566, 121, 1),
(567, 120, 12),
(568, 122, 1),
(569, 121, 2),
(570, 42, 12),
(571, 14, 1),
(572, 120, 13),
(573, 36, 1),
(574, 42, 13),
(575, 36, 2),
(576, 36, 3),
(577, 10, 1),
(578, 36, 4),
(579, 36, 5),
(580, 41, 1),
(581, 121, 3),
(582, 121, 4),
(583, 42, 14),
(584, 82, 5),
(585, 121, 5),
(586, 121, 6),
(587, 123, 1),
(588, 21, 5),
(589, 124, 1),
(590, 111, 1),
(591, 111, 5),
(592, 124, 2),
(593, 120, 14),
(594, 124, 3),
(595, 125, 1),
(596, 112, 1),
(597, 124, 4),
(598, 124, 5),
(599, 126, 1),
(600, 121, 1),
(601, 124, 6),
(602, 125, 2),
(603, 127, 1),
(604, 125, 3),
(605, 126, 2),
(606, 126, 3),
(607, 126, 4),
(608, 125, 4),
(609, 127, 2),
(610, 128, 1),
(611, 127, 3),
(612, 127, 4),
(613, 127, 5),
(614, 128, 2),
(615, 127, 6),
(616, 128, 3),
(617, 128, 4),
(618, 126, 5),
(619, 128, 5),
(620, 125, 5),
(621, 124, 7),
(622, 55, 1),
(623, 124, 8),
(624, 110, 1),
(625, 27, 1),
(626, 128, 6),
(627, 126, 6),
(628, 129, 1),
(629, 125, 6),
(630, 120, 1),
(631, 129, 2),
(632, 129, 3),
(633, 130, 1),
(634, 129, 4),
(635, 130, 2),
(636, 130, 3),
(637, 130, 4),
(638, 112, 7),
(639, 118, 7),
(640, 129, 5),
(641, 130, 5),
(642, 129, 6),
(643, 130, 6),
(644, 22, 1),
(645, 22, 4),
(646, 22, 5),
(647, 98, 7),
(648, 117, 1),
(649, 117, 5),
(650, 112, 8),
(651, 98, 8),
(652, 36, 6),
(653, 124, 9),
(654, 124, 10),
(655, 131, 1),
(656, 132, 1),
(657, 9, 1),
(658, 133, 1),
(659, 16, 1),
(660, 97, 7),
(661, 134, 1),
(662, 118, 8),
(663, 76, 1),
(664, 76, 6),
(665, 71, 1),
(666, 124, 11),
(667, 54, 1),
(668, 112, 9),
(669, 75, 1),
(670, 98, 9),
(671, 20, 1),
(672, 97, 8),
(673, 113, 1),
(674, 118, 9),
(675, 135, 1),
(676, 113, 6),
(677, 97, 9),
(678, 136, 1),
(679, 136, 2),
(680, 136, 3),
(681, 136, 4),
(682, 136, 5),
(683, 136, 6),
(684, 136, 7),
(685, 32, 1),
(686, 136, 8),
(687, 136, 9),
(688, 136, 10),
(689, 136, 11),
(690, 136, 12),
(691, 136, 13),
(692, 136, 14),
(693, 121, 1),
(694, 31, 1),
(695, 127, 1),
(696, 127, 7),
(697, 127, 8),
(698, 137, 1),
(699, 124, 12),
(700, 124, 13),
(701, 11, 1),
(702, 20, 13),
(703, 55, 1),
(704, 96, 1),
(705, 20, 14),
(706, 79, 1),
(707, 112, 10),
(708, 27, 1),
(709, 138, 1),
(710, 109, 1),
(711, 103, 1),
(712, 74, 1),
(713, 74, 4),
(714, 16, 1),
(715, 103, 5),
(716, 74, 5),
(717, 139, 1),
(718, 111, 1),
(719, 111, 6),
(720, 110, 6),
(721, 140, 1),
(722, 97, 10),
(723, 139, 2),
(724, 140, 2),
(725, 103, 6),
(726, 74, 6),
(727, 36, 7),
(728, 140, 3),
(729, 139, 3),
(730, 118, 10),
(731, 98, 1),
(732, 140, 4),
(733, 140, 5),
(734, 141, 1),
(735, 142, 1),
(736, 142, 2),
(737, 142, 3),
(738, 142, 4),
(739, 139, 4),
(740, 76, 1),
(741, 39, 1),
(742, 139, 5),
(743, 122, 1),
(744, 142, 5),
(745, 139, 6),
(746, 36, 8),
(747, 143, 1),
(748, 142, 6),
(749, 122, 2),
(750, 122, 3),
(751, 122, 4),
(752, 122, 5),
(753, 122, 6),
(754, 122, 7),
(755, 122, 8),
(756, 122, 9),
(757, 122, 10),
(758, 122, 11),
(759, 41, 1),
(760, 36, 9),
(761, 139, 7),
(762, 141, 1),
(763, 32, 1),
(764, 36, 10),
(765, 143, 2),
(766, 143, 3),
(767, 143, 4),
(768, 144, 1),
(769, 144, 2),
(770, 9, 1),
(771, 109, 1),
(772, 144, 3),
(773, 144, 4),
(774, 144, 5),
(775, 142, 7),
(776, 139, 8),
(777, 109, 11),
(778, 37, 11),
(779, 144, 6),
(780, 109, 12),
(781, 103, 7),
(782, 139, 9),
(783, 74, 7),
(784, 10, 1),
(785, 109, 13),
(786, 96, 11),
(787, 109, 14),
(788, 144, 7),
(789, 31, 1),
(790, 79, 6),
(791, 55, 1),
(792, 55, 6),
(793, 117, 1),
(794, 96, 12),
(795, 63, 1),
(796, 63, 6),
(797, 144, 8),
(798, 71, 11),
(799, 117, 6),
(800, 132, 1),
(801, 74, 8),
(802, 144, 9),
(803, 145, 1),
(804, 96, 13),
(805, 143, 5),
(806, 74, 9),
(807, 124, 1),
(808, 124, 14),
(809, 33, 1),
(810, 33, 6),
(811, 129, 1),
(812, 74, 10),
(813, 103, 8),
(814, 144, 10),
(815, 146, 1),
(816, 143, 6),
(817, 147, 1),
(818, 42, 1),
(819, 139, 10),
(820, 139, 11),
(821, 67, 1),
(822, 67, 6),
(823, 147, 2),
(824, 103, 9),
(825, 147, 3),
(826, 31, 1),
(827, 68, 1),
(828, 147, 4),
(829, 68, 6),
(830, 147, 5),
(831, 144, 11),
(832, 145, 2),
(833, 147, 6),
(834, 41, 11),
(835, 32, 11),
(836, 148, 1),
(837, 96, 14),
(838, 148, 2),
(839, 148, 3),
(840, 148, 4),
(841, 148, 5),
(842, 148, 6),
(843, 149, 1),
(844, 67, 7),
(845, 68, 7),
(846, 52, 1),
(847, 67, 8),
(848, 98, 1),
(849, 68, 8),
(850, 98, 10),
(851, 52, 3),
(852, 20, 15),
(853, 148, 7),
(854, 147, 7),
(855, 149, 2),
(856, 149, 3),
(857, 55, 7),
(858, 149, 4),
(859, 149, 5),
(860, 68, 9),
(861, 67, 9),
(862, 149, 6),
(863, 55, 8),
(864, 148, 8),
(865, 147, 8),
(866, 148, 9),
(867, 63, 7),
(868, 147, 9),
(869, 97, 1),
(870, 63, 8),
(871, 63, 9),
(872, 55, 9),
(873, 145, 3),
(874, 112, 11),
(875, 84, 1),
(876, 118, 1),
(877, 117, 7),
(878, 84, 2),
(879, 117, 8),
(880, 97, 11),
(881, 84, 3),
(882, 150, 1),
(883, 150, 2),
(884, 98, 11),
(885, 150, 3),
(886, 150, 4),
(887, 36, 11),
(888, 67, 10),
(889, 14, 1),
(890, 68, 10),
(891, 150, 5),
(892, 118, 11),
(893, 151, 1),
(894, 152, 1),
(895, 112, 12),
(896, 151, 2),
(897, 152, 2),
(898, 151, 3),
(899, 152, 3),
(900, 67, 11),
(901, 68, 11),
(902, 121, 1),
(903, 121, 7),
(904, 153, 1),
(905, 103, 10),
(906, 151, 4),
(907, 121, 8),
(908, 152, 4),
(909, 153, 2),
(910, 153, 3),
(911, 151, 5),
(912, 152, 5),
(913, 151, 6),
(914, 152, 6),
(915, 121, 9),
(916, 151, 7),
(917, 152, 7),
(918, 152, 8),
(919, 151, 8),
(920, 154, 1),
(921, 154, 1),
(922, 152, 9),
(923, 118, 12),
(924, 98, 12),
(925, 76, 1),
(926, 56, 1),
(927, 76, 7),
(928, 81, 1),
(929, 107, 1),
(930, 107, 4),
(931, 56, 6),
(932, 81, 2),
(933, 41, 1),
(934, 112, 13),
(935, 148, 10),
(936, 147, 10),
(937, 81, 3),
(938, 155, 1),
(939, 156, 1),
(940, 54, 1),
(941, 155, 1),
(942, 54, 6),
(943, 118, 13),
(944, 98, 13),
(945, 12, 1),
(946, 76, 8),
(947, 12, 6),
(948, 147, 11),
(949, 148, 11),
(950, 157, 1),
(951, 39, 1),
(952, 39, 1),
(953, 148, 12),
(954, 97, 12),
(955, 56, 7),
(956, 147, 12),
(957, 56, 8),
(958, 76, 9),
(959, 56, 9),
(960, 76, 10),
(961, 103, 11),
(962, 74, 11),
(963, 49, 1),
(964, 147, 13),
(965, 148, 13),
(966, 9, 1),
(967, 148, 14),
(968, 147, 14),
(969, 76, 11),
(970, 158, 1),
(971, 158, 2),
(972, 159, 1),
(973, 54, 7),
(974, 157, 2),
(975, 49, 6),
(976, 54, 8),
(977, 54, 9),
(978, 29, 1),
(979, 29, 6),
(980, 158, 3),
(981, 149, 7),
(982, 158, 4),
(983, 159, 2),
(984, 159, 3),
(985, 159, 4),
(986, 157, 3),
(987, 157, 4),
(988, 135, 1),
(989, 149, 8),
(990, 135, 2),
(991, 135, 3),
(992, 135, 4),
(993, 9, 19),
(994, 9, 20),
(995, 135, 5),
(996, 9, 21),
(997, 159, 5),
(998, 135, 6),
(999, 159, 6),
(1000, 54, 10),
(1001, 56, 10),
(1002, 158, 5),
(1003, 106, 1),
(1004, 160, 1),
(1005, 158, 6),
(1006, 29, 7),
(1007, 49, 7),
(1008, 149, 9),
(1009, 29, 8),
(1010, 49, 8),
(1011, 29, 9),
(1012, 49, 9),
(1013, 140, 1),
(1014, 161, 1),
(1015, 29, 10),
(1016, 161, 2),
(1017, 161, 3),
(1018, 49, 10),
(1019, 161, 4),
(1020, 161, 5),
(1021, 161, 6),
(1022, 161, 7),
(1023, 161, 8),
(1024, 162, 1),
(1025, 161, 9),
(1026, 162, 1),
(1027, 161, 10),
(1028, 162, 2),
(1029, 162, 3),
(1030, 161, 11),
(1031, 162, 4),
(1032, 161, 12),
(1033, 161, 13),
(1034, 161, 14),
(1035, 163, 1),
(1036, 157, 1),
(1037, 157, 1),
(1038, 71, 12),
(1039, 149, 1),
(1040, 29, 11),
(1041, 49, 11),
(1042, 56, 11),
(1043, 76, 12),
(1044, 164, 1),
(1045, 164, 2),
(1046, 164, 3),
(1047, 164, 4),
(1048, 117, 1),
(1049, 117, 9),
(1050, 36, 12),
(1051, 162, 5),
(1052, 164, 5),
(1053, 118, 14),
(1054, 135, 7),
(1055, 162, 6),
(1056, 164, 6),
(1057, 159, 7),
(1058, 121, 1),
(1059, 68, 12),
(1060, 67, 12),
(1061, 36, 13),
(1062, 153, 4),
(1063, 56, 12),
(1064, 49, 12),
(1065, 29, 12),
(1066, 14, 12),
(1067, 76, 13),
(1068, 54, 11),
(1069, 153, 5),
(1070, 153, 6),
(1071, 149, 10),
(1072, 41, 12),
(1073, 121, 10),
(1074, 159, 8),
(1075, 29, 13),
(1076, 49, 13),
(1077, 56, 13),
(1078, 135, 8),
(1079, 112, 14),
(1080, 76, 14),
(1081, 67, 13),
(1082, 68, 13),
(1083, 111, 1),
(1084, 159, 9),
(1085, 36, 14),
(1086, 14, 13),
(1087, 135, 9),
(1088, 71, 13),
(1089, 149, 11),
(1090, 144, 12),
(1091, 56, 14),
(1092, 41, 13),
(1093, 139, 1),
(1094, 14, 14),
(1095, 121, 11),
(1096, 29, 14),
(1097, 71, 14),
(1098, 98, 14),
(1099, 67, 14),
(1100, 68, 14),
(1101, 41, 14),
(1102, 37, 12),
(1103, 130, 1),
(1104, 129, 1),
(1105, 121, 12),
(1106, 49, 14),
(1107, 54, 12),
(1108, 165, 1),
(1109, 11, 1),
(1110, 112, 15),
(1111, 130, 7),
(1112, 166, 1),
(1113, 130, 8),
(1114, 129, 7),
(1115, 130, 9),
(1116, 130, 10),
(1117, 129, 8),
(1118, 166, 1),
(1119, 129, 9),
(1120, 110, 1),
(1121, 129, 10),
(1122, 97, 13),
(1123, 121, 13),
(1124, 30, 1),
(1125, 162, 7),
(1126, 164, 7),
(1127, 30, 12),
(1128, 165, 2),
(1129, 122, 12),
(1130, 37, 13),
(1131, 165, 3),
(1132, 162, 8),
(1133, 164, 8),
(1134, 30, 13),
(1135, 37, 14),
(1136, 121, 14),
(1137, 30, 14),
(1138, 165, 4),
(1139, 164, 9),
(1140, 162, 9),
(1141, 54, 13),
(1142, 16, 1),
(1143, 165, 5),
(1144, 39, 11),
(1145, 98, 15),
(1146, 39, 12),
(1147, 39, 13),
(1148, 39, 14),
(1149, 43, 1),
(1150, 53, 1),
(1151, 53, 4),
(1152, 161, 15),
(1153, 130, 11),
(1154, 129, 11),
(1155, 53, 5),
(1156, 53, 6),
(1157, 149, 12),
(1158, 147, 15),
(1159, 122, 13),
(1160, 16, 7),
(1161, 37, 15),
(1162, 41, 15),
(1163, 20, 1),
(1164, 167, 1),
(1165, 58, 1),
(1166, 148, 15),
(1167, 54, 14),
(1168, 165, 6),
(1169, 41, 1),
(1170, 167, 2),
(1171, 167, 3),
(1172, 144, 13),
(1173, 167, 4),
(1174, 167, 5),
(1175, 167, 6),
(1176, 16, 8),
(1177, 55, 10),
(1178, 63, 10),
(1179, 167, 7),
(1180, 168, 1),
(1181, 130, 12),
(1182, 129, 12),
(1183, 76, 15),
(1184, 16, 9),
(1185, 130, 13),
(1186, 129, 13),
(1187, 106, 11),
(1188, 159, 10),
(1189, 129, 14),
(1190, 130, 14),
(1191, 135, 10),
(1192, 130, 15),
(1193, 129, 15),
(1194, 167, 8),
(1195, 169, 1),
(1196, 63, 11),
(1197, 55, 11),
(1198, 15, 1),
(1199, 117, 10),
(1200, 15, 7),
(1201, 165, 7),
(1202, 36, 15),
(1203, 106, 12),
(1204, 63, 12),
(1205, 55, 12),
(1206, 144, 14),
(1207, 151, 1),
(1208, 42, 15),
(1209, 170, 1),
(1210, 81, 1),
(1211, 165, 8),
(1212, 170, 2),
(1213, 32, 1),
(1214, 151, 9),
(1215, 32, 12),
(1216, 63, 13),
(1217, 151, 10),
(1218, 166, 2),
(1219, 167, 9),
(1220, 55, 13),
(1221, 170, 3),
(1222, 117, 11),
(1223, 55, 14),
(1224, 63, 14),
(1225, 170, 4),
(1226, 166, 3),
(1227, 81, 4),
(1228, 27, 1),
(1229, 166, 4),
(1230, 74, 1),
(1231, 42, 1),
(1232, 124, 1),
(1233, 71, 15),
(1234, 167, 10),
(1235, 166, 5),
(1236, 124, 15),
(1237, 106, 13),
(1238, 167, 11),
(1239, 166, 1),
(1240, 166, 1),
(1241, 166, 6),
(1242, 171, 1),
(1243, 144, 15),
(1244, 167, 12),
(1245, 106, 14),
(1246, 172, 1),
(1247, 171, 2),
(1248, 149, 13),
(1249, 171, 3),
(1250, 171, 4),
(1251, 167, 13),
(1252, 171, 5),
(1253, 171, 6),
(1254, 97, 14),
(1255, 168, 2),
(1256, 71, 1),
(1257, 118, 15),
(1258, 165, 9),
(1259, 143, 1),
(1260, 143, 7),
(1261, 10, 1),
(1262, 32, 13),
(1263, 149, 14),
(1264, 169, 2),
(1265, 27, 2),
(1266, 139, 12),
(1267, 170, 5),
(1268, 170, 6),
(1269, 97, 15),
(1270, 169, 3),
(1271, 168, 3),
(1272, 167, 14),
(1273, 139, 13),
(1274, 165, 10),
(1275, 139, 14),
(1276, 96, 15),
(1277, 97, 1),
(1278, 15, 8),
(1279, 171, 7),
(1280, 106, 15),
(1281, 166, 7),
(1282, 171, 8),
(1283, 26, 1),
(1284, 166, 8),
(1285, 26, 3),
(1286, 171, 9),
(1287, 166, 9),
(1288, 52, 1),
(1289, 26, 4),
(1290, 32, 14),
(1291, 15, 9),
(1292, 152, 1),
(1293, 152, 10),
(1294, 149, 15),
(1295, 27, 1),
(1296, 168, 4),
(1297, 166, 10),
(1298, 14, 15),
(1299, 171, 10),
(1300, 169, 4),
(1301, 152, 11),
(1302, 103, 12),
(1303, 152, 12),
(1304, 168, 5),
(1305, 27, 3),
(1306, 152, 13),
(1307, 74, 12),
(1308, 169, 5),
(1309, 152, 14),
(1310, 67, 15),
(1311, 68, 15),
(1312, 152, 15),
(1313, 165, 11),
(1314, 103, 13),
(1315, 74, 13),
(1316, 165, 12),
(1317, 54, 15),
(1318, 122, 14),
(1319, 32, 15),
(1320, 122, 15),
(1321, 74, 14),
(1322, 165, 13),
(1323, 103, 14),
(1324, 165, 14),
(1325, 165, 15),
(1326, 26, 5),
(1327, 26, 6),
(1328, 14, 1),
(1329, 121, 1),
(1330, 121, 15),
(1331, 30, 15),
(1332, 173, 1),
(1333, 19, 1),
(1334, 174, 1),
(1335, 166, 11),
(1336, 171, 11),
(1337, 166, 12),
(1338, 171, 12),
(1339, 174, 1),
(1340, 171, 13),
(1341, 166, 13),
(1342, 175, 1),
(1343, 152, 1),
(1344, 26, 7),
(1345, 119, 1),
(1346, 31, 1),
(1347, 26, 8),
(1348, 39, 1),
(1349, 26, 9),
(1350, 176, 1),
(1351, 26, 10),
(1352, 176, 2),
(1353, 176, 3),
(1354, 176, 4),
(1355, 176, 5),
(1356, 176, 6),
(1357, 76, 1),
(1358, 176, 7),
(1359, 39, 1),
(1360, 176, 8),
(1361, 149, 1),
(1362, 166, 14),
(1363, 171, 14),
(1364, 27, 1),
(1365, 177, 1),
(1366, 168, 1),
(1367, 9, 22),
(1368, 9, 23),
(1369, 9, 24),
(1370, 109, 1),
(1371, 109, 15),
(1372, 168, 6),
(1373, 168, 7),
(1374, 168, 8),
(1375, 168, 9),
(1376, 168, 10),
(1377, 9, 1),
(1378, 9, 25),
(1379, 129, 1),
(1380, 148, 1),
(1381, 10, 1),
(1382, 11, 1),
(1383, 147, 1),
(1384, 96, 1),
(1385, 151, 1),
(1386, 63, 1),
(1387, 97, 1),
(1388, 55, 1),
(1389, 112, 1),
(1390, 152, 1),
(1391, 122, 1),
(1392, 151, 11),
(1393, 118, 1),
(1394, 151, 12),
(1395, 71, 1),
(1396, 42, 1),
(1397, 14, 1),
(1398, 37, 1),
(1399, 19, 1),
(1400, 42, 1),
(1401, 117, 1),
(1402, 117, 12),
(1403, 117, 13),
(1404, 98, 1),
(1405, 56, 1),
(1406, 157, 1),
(1407, 165, 1),
(1408, 41, 1),
(1409, 164, 1),
(1410, 30, 1),
(1411, 157, 1),
(1412, 20, 1),
(1413, 139, 1),
(1414, 139, 15),
(1415, 96, 1),
(1416, 171, 1),
(1417, 14, 1),
(1418, 119, 1),
(1419, 109, 1),
(1420, 153, 1),
(1421, 16, 1),
(1422, 153, 1),
(1423, 147, 1),
(1424, 16, 10),
(1425, 15, 1),
(1426, 15, 10),
(1427, 168, 1),
(1428, 168, 11),
(1429, 16, 11),
(1430, 15, 11),
(1431, 168, 12),
(1432, 168, 13),
(1433, 168, 14),
(1434, 167, 1),
(1435, 16, 12),
(1436, 168, 15),
(1437, 27, 1),
(1438, 16, 13),
(1439, 167, 1),
(1440, 16, 14),
(1441, 130, 1),
(1442, 127, 1),
(1443, 127, 9),
(1444, 127, 10),
(1445, 127, 11),
(1446, 127, 12),
(1447, 127, 13),
(1448, 103, 1),
(1449, 127, 14),
(1450, 122, 1),
(1451, 41, 16),
(1452, 127, 15),
(1453, 168, 16),
(1454, 41, 17),
(1455, 136, 1),
(1456, 136, 15),
(1457, 178, 1),
(1458, 136, 16),
(1459, 55, 1),
(1460, 136, 17),
(1461, 136, 18),
(1462, 136, 19),
(1463, 129, 1),
(1464, 112, 16),
(1465, 97, 16),
(1466, 37, 16),
(1467, 41, 18),
(1468, 147, 16),
(1469, 16, 15),
(1470, 41, 19),
(1471, 15, 12),
(1472, 112, 17),
(1473, 157, 1),
(1474, 153, 7),
(1475, 41, 20),
(1476, 16, 16),
(1477, 32, 1),
(1478, 79, 1),
(1479, 130, 16),
(1480, 71, 16),
(1481, 15, 13),
(1482, 106, 1),
(1483, 67, 1),
(1484, 130, 17),
(1485, 112, 18),
(1486, 112, 19),
(1487, 97, 17),
(1488, 157, 1),
(1489, 165, 16),
(1490, 37, 17),
(1491, 112, 20),
(1492, 147, 17),
(1493, 97, 18),
(1494, 97, 19),
(1495, 20, 1),
(1496, 165, 17),
(1497, 37, 18),
(1498, 11, 1),
(1499, 152, 1),
(1500, 139, 1),
(1501, 20, 16),
(1502, 74, 1),
(1503, 74, 1),
(1504, 74, 1),
(1505, 97, 20),
(1506, 37, 19),
(1507, 32, 16),
(1508, 20, 17),
(1509, 41, 1),
(1510, 129, 16),
(1511, 129, 17),
(1512, 144, 1),
(1513, 109, 1),
(1514, 124, 1),
(1515, 14, 16),
(1516, 30, 16),
(1517, 98, 1),
(1518, 54, 1),
(1519, 37, 20),
(1520, 71, 17),
(1521, 152, 16),
(1522, 98, 16),
(1523, 121, 1),
(1524, 63, 1),
(1525, 32, 17),
(1526, 71, 18),
(1527, 76, 1),
(1528, 36, 1),
(1529, 42, 16),
(1530, 118, 16),
(1531, 106, 16),
(1532, 109, 16),
(1533, 71, 19),
(1534, 96, 1),
(1535, 109, 17),
(1536, 124, 16),
(1537, 124, 17),
(1538, 122, 16),
(1539, 32, 18),
(1540, 20, 18),
(1541, 121, 16),
(1542, 20, 19),
(1543, 121, 17),
(1544, 118, 17),
(1545, 144, 1),
(1546, 148, 1),
(1547, 20, 20),
(1548, 144, 16),
(1549, 148, 16),
(1550, 42, 1),
(1551, 42, 17),
(1552, 144, 17),
(1553, 41, 1),
(1554, 68, 1),
(1555, 129, 18),
(1556, 144, 18),
(1557, 144, 1),
(1558, 130, 18),
(1559, 67, 16),
(1560, 68, 16),
(1561, 129, 19),
(1562, 130, 19),
(1563, 162, 1),
(1564, 144, 19),
(1565, 162, 10),
(1566, 164, 1),
(1567, 109, 18),
(1568, 179, 1),
(1569, 109, 19),
(1570, 42, 18),
(1571, 39, 1),
(1572, 96, 16),
(1573, 180, 1),
(1574, 162, 11),
(1575, 162, 12),
(1576, 106, 17),
(1577, 42, 19),
(1578, 67, 1),
(1579, 121, 18),
(1580, 9, 1),
(1581, 162, 13),
(1582, 32, 19),
(1583, 164, 1),
(1584, 42, 20),
(1585, 54, 16),
(1586, 27, 1),
(1587, 71, 20),
(1588, 109, 20),
(1589, 129, 20),
(1590, 164, 10),
(1591, 130, 20),
(1592, 96, 17),
(1593, 56, 1),
(1594, 164, 11),
(1595, 165, 18),
(1596, 121, 19),
(1597, 56, 15),
(1598, 164, 12),
(1599, 165, 19),
(1600, 119, 1),
(1601, 32, 20),
(1602, 96, 18),
(1603, 165, 20),
(1604, 31, 1),
(1605, 149, 1),
(1606, 96, 19),
(1607, 39, 15),
(1608, 39, 16),
(1609, 124, 18),
(1610, 16, 1),
(1611, 124, 19),
(1612, 16, 17),
(1613, 149, 16),
(1614, 15, 1),
(1615, 124, 20),
(1616, 144, 1),
(1617, 15, 14),
(1618, 16, 18),
(1619, 106, 18),
(1620, 106, 19),
(1621, 144, 20),
(1622, 16, 19),
(1623, 147, 18),
(1624, 15, 15),
(1625, 122, 17),
(1626, 147, 19),
(1627, 147, 20),
(1628, 16, 20),
(1629, 122, 18),
(1630, 15, 16),
(1631, 149, 17),
(1632, 106, 20),
(1633, 96, 20),
(1634, 98, 1),
(1635, 149, 1),
(1636, 98, 17),
(1637, 148, 1),
(1638, 148, 1),
(1639, 148, 17),
(1640, 98, 18),
(1641, 148, 18),
(1642, 148, 19),
(1643, 148, 20),
(1644, 157, 1),
(1645, 118, 1),
(1646, 164, 1),
(1647, 164, 13),
(1648, 164, 14),
(1649, 118, 18),
(1650, 118, 19),
(1651, 15, 17),
(1652, 166, 1),
(1653, 118, 20),
(1654, 41, 1),
(1655, 136, 1),
(1656, 171, 1),
(1657, 136, 20),
(1658, 136, 21),
(1659, 55, 1),
(1660, 31, 1),
(1661, 63, 1),
(1662, 63, 15),
(1663, 67, 1),
(1664, 32, 1),
(1665, 55, 15),
(1666, 122, 19),
(1667, 122, 20),
(1668, 121, 1),
(1669, 164, 15),
(1670, 11, 1),
(1671, 42, 1),
(1672, 144, 1),
(1673, 144, 1),
(1674, 33, 1),
(1675, 150, 1),
(1676, 71, 1),
(1677, 168, 1),
(1678, 150, 6),
(1679, 128, 1),
(1680, 15, 18),
(1681, 128, 7),
(1682, 98, 1),
(1683, 15, 19),
(1684, 74, 1),
(1685, 74, 1),
(1686, 74, 1),
(1687, 49, 1),
(1688, 55, 16),
(1689, 55, 17),
(1690, 63, 16),
(1691, 63, 17),
(1692, 181, 1),
(1693, 180, 1),
(1694, 9, 1),
(1695, 71, 1),
(1696, 63, 18),
(1697, 63, 19),
(1698, 157, 1),
(1699, 157, 1),
(1700, 119, 1),
(1701, 157, 1),
(1702, 157, 5),
(1703, 63, 20),
(1704, 19, 1),
(1705, 55, 18),
(1706, 55, 19),
(1707, 157, 6),
(1708, 55, 20),
(1709, 26, 1),
(1710, 26, 11),
(1711, 26, 12),
(1712, 182, 1),
(1713, 168, 17),
(1714, 182, 2),
(1715, 182, 3),
(1716, 26, 13),
(1717, 31, 1),
(1718, 182, 4),
(1719, 182, 5),
(1720, 182, 6),
(1721, 178, 1),
(1722, 182, 7),
(1723, 182, 8),
(1724, 11, 1),
(1725, 182, 9),
(1726, 26, 14),
(1727, 98, 19),
(1728, 90, 1),
(1729, 54, 1),
(1730, 182, 10),
(1731, 182, 11),
(1732, 182, 12),
(1733, 182, 13),
(1734, 32, 1),
(1735, 157, 7),
(1736, 150, 7),
(1737, 182, 14),
(1738, 150, 8),
(1739, 103, 1),
(1740, 157, 1),
(1741, 9, 1),
(1742, 157, 8),
(1743, 157, 9),
(1744, 9, 26),
(1745, 9, 27),
(1746, 182, 15),
(1747, 41, 1),
(1748, 15, 1),
(1749, 15, 20),
(1750, 182, 16),
(1751, 10, 1),
(1752, 26, 15),
(1753, 11, 1),
(1754, 182, 17),
(1755, 41, 1),
(1756, 182, 18),
(1757, 180, 1),
(1758, 183, 1),
(1759, 168, 18),
(1760, 180, 2),
(1761, 168, 19),
(1762, 29, 1),
(1763, 180, 3),
(1764, 144, 1),
(1765, 180, 4),
(1766, 32, 1),
(1767, 182, 19),
(1768, 106, 1),
(1769, 54, 17),
(1770, 53, 1),
(1771, 53, 1),
(1772, 119, 1),
(1773, 71, 1),
(1774, 182, 20),
(1775, 16, 1),
(1776, 162, 1),
(1777, 162, 14),
(1778, 162, 15),
(1779, 164, 1),
(1780, 168, 20),
(1781, 42, 1),
(1782, 164, 1),
(1783, 36, 1),
(1784, 54, 18),
(1785, 54, 19),
(1786, 180, 5),
(1787, 180, 6),
(1788, 18, 1),
(1789, 23, 1),
(1790, 18, 2),
(1791, 18, 3),
(1792, 26, 16),
(1793, 18, 4),
(1794, 18, 5),
(1795, 18, 6),
(1796, 18, 7),
(1797, 97, 1),
(1798, 18, 8),
(1799, 79, 1),
(1800, 79, 7),
(1801, 79, 8),
(1802, 180, 7),
(1803, 79, 9),
(1804, 10, 1),
(1805, 180, 8),
(1806, 79, 10),
(1807, 18, 9),
(1808, 63, 1),
(1809, 79, 11),
(1810, 18, 10),
(1811, 18, 11),
(1812, 42, 1),
(1813, 79, 12),
(1814, 26, 17),
(1815, 130, 1),
(1816, 121, 1),
(1817, 121, 20),
(1818, 170, 1),
(1819, 26, 18),
(1820, 26, 19),
(1821, 42, 1),
(1822, 26, 20),
(1823, 11, 1),
(1824, 41, 1),
(1825, 121, 1),
(1826, 26, 21),
(1827, 98, 1),
(1828, 20, 21),
(1829, 118, 1),
(1830, 20, 22),
(1831, 158, 1),
(1832, 106, 1),
(1833, 42, 1),
(1834, 103, 1),
(1835, 71, 1),
(1836, 109, 1),
(1837, 180, 1),
(1838, 63, 1),
(1839, 41, 1),
(1840, 109, 1),
(1841, 42, 1),
(1842, 19, 1),
(1843, 55, 1),
(1844, 182, 1),
(1845, 96, 1),
(1846, 97, 1),
(1847, 37, 1),
(1848, 71, 1),
(1849, 180, 1),
(1850, 125, 1),
(1851, 106, 1),
(1852, 125, 7),
(1853, 26, 1),
(1854, 31, 1),
(1855, 9, 1),
(1856, 13, 1),
(1857, 130, 1),
(1858, 121, 1),
(1859, 110, 1),
(1860, 110, 7),
(1861, 110, 8),
(1862, 15, 1),
(1863, 29, 1),
(1864, 110, 9),
(1865, 14, 1),
(1866, 42, 1),
(1867, 42, 1),
(1868, 42, 1),
(1869, 42, 1),
(1870, 27, 1),
(1871, 112, 1),
(1872, 20, 1),
(1873, 11, 1),
(1874, 180, 9),
(1875, 184, 1),
(1876, 184, 2),
(1877, 184, 3),
(1878, 184, 4),
(1879, 184, 5),
(1880, 184, 6),
(1881, 184, 7),
(1882, 184, 8),
(1883, 32, 1),
(1884, 184, 9),
(1885, 41, 1),
(1886, 31, 1),
(1887, 184, 10),
(1888, 124, 1),
(1889, 26, 1),
(1890, 30, 1),
(1891, 11, 1),
(1892, 53, 1),
(1893, 11, 1),
(1894, 106, 1),
(1895, 9, 1),
(1896, 168, 1),
(1897, 53, 7),
(1898, 165, 1),
(1899, 53, 8),
(1900, 130, 1),
(1901, 185, 1),
(1902, 53, 1),
(1903, 186, 1),
(1904, 186, 2),
(1905, 180, 10),
(1906, 186, 3),
(1907, 186, 4),
(1908, 186, 5),
(1909, 36, 1),
(1910, 118, 1),
(1911, 186, 6),
(1912, 185, 2),
(1913, 14, 1),
(1914, 63, 1),
(1915, 55, 21),
(1916, 63, 21),
(1917, 53, 9),
(1918, 41, 21),
(1919, 129, 1),
(1920, 53, 10),
(1921, 71, 1),
(1922, 187, 1),
(1923, 42, 1),
(1924, 185, 3),
(1925, 185, 4),
(1926, 184, 11),
(1927, 179, 1),
(1928, 109, 1),
(1929, 184, 12),
(1930, 180, 11),
(1931, 109, 21),
(1932, 184, 13),
(1933, 185, 5),
(1934, 42, 21),
(1935, 182, 1),
(1936, 180, 12),
(1937, 11, 3),
(1938, 184, 14),
(1939, 185, 6),
(1940, 42, 1),
(1941, 182, 21),
(1942, 37, 21),
(1943, 42, 1),
(1944, 180, 13),
(1945, 42, 1),
(1946, 26, 22),
(1947, 180, 14),
(1948, 184, 15),
(1949, 180, 15),
(1950, 184, 16),
(1951, 26, 23),
(1952, 9, 1),
(1953, 184, 17),
(1954, 180, 16),
(1955, 39, 1),
(1956, 39, 17),
(1957, 30, 1),
(1958, 30, 17),
(1959, 20, 23),
(1960, 184, 18),
(1961, 96, 1),
(1962, 71, 21),
(1963, 42, 1),
(1964, 42, 1),
(1965, 96, 21),
(1966, 30, 18),
(1967, 39, 18),
(1968, 39, 19),
(1969, 184, 19),
(1970, 30, 19),
(1971, 39, 20),
(1972, 30, 20),
(1973, 30, 21),
(1974, 96, 22),
(1975, 39, 21),
(1976, 165, 21),
(1977, 14, 17),
(1978, 14, 18),
(1979, 180, 17),
(1980, 14, 19),
(1981, 14, 20),
(1982, 14, 21),
(1983, 180, 18),
(1984, 109, 22),
(1985, 42, 1),
(1986, 180, 19),
(1987, 42, 22),
(1988, 71, 22),
(1989, 37, 22),
(1990, 41, 22),
(1991, 42, 1),
(1992, 109, 23),
(1993, 42, 23),
(1994, 71, 23),
(1995, 184, 20),
(1996, 41, 23),
(1997, 184, 21),
(1998, 42, 1),
(1999, 42, 1),
(2000, 42, 1),
(2001, 180, 20),
(2002, 42, 1),
(2003, 42, 1),
(2004, 37, 23),
(2005, 180, 21),
(2006, 42, 1),
(2007, 184, 22),
(2008, 30, 22),
(2009, 14, 22),
(2010, 30, 23),
(2011, 39, 22),
(2012, 180, 22),
(2013, 39, 23),
(2014, 14, 23),
(2015, 63, 1),
(2016, 180, 23),
(2017, 165, 22),
(2018, 32, 1),
(2019, 32, 1),
(2020, 184, 23),
(2021, 96, 23),
(2022, 144, 1),
(2023, 144, 21),
(2024, 124, 1),
(2025, 144, 22),
(2026, 124, 21),
(2027, 144, 23),
(2028, 26, 1),
(2029, 165, 23),
(2030, 32, 1),
(2031, 32, 21),
(2032, 10, 1),
(2033, 112, 1),
(2034, 185, 1),
(2035, 185, 7),
(2036, 32, 22),
(2037, 168, 1),
(2038, 168, 21),
(2039, 32, 23),
(2040, 185, 8),
(2041, 55, 1),
(2042, 185, 9),
(2043, 54, 1),
(2044, 55, 22),
(2045, 68, 1),
(2046, 68, 17),
(2047, 68, 18),
(2048, 63, 22),
(2049, 67, 1),
(2050, 71, 1),
(2051, 67, 17),
(2052, 68, 19),
(2053, 55, 23),
(2054, 63, 23),
(2055, 67, 1),
(2056, 67, 18),
(2057, 67, 19),
(2058, 106, 1),
(2059, 180, 1),
(2060, 67, 20),
(2061, 68, 20),
(2062, 27, 1),
(2063, 19, 1),
(2064, 127, 1),
(2065, 67, 21),
(2066, 68, 21),
(2067, 9, 1),
(2068, 42, 1),
(2069, 110, 1),
(2070, 127, 16),
(2071, 79, 1),
(2072, 188, 1),
(2073, 119, 1),
(2074, 188, 2),
(2075, 110, 10),
(2076, 109, 24),
(2077, 9, 28),
(2078, 9, 29),
(2079, 109, 25),
(2080, 180, 1),
(2081, 110, 11),
(2082, 11, 1),
(2083, 26, 24),
(2084, 42, 24),
(2085, 68, 22),
(2086, 67, 22),
(2087, 14, 24),
(2088, 157, 1),
(2089, 110, 12),
(2090, 26, 25),
(2091, 67, 23),
(2092, 68, 23),
(2093, 14, 1),
(2094, 110, 13),
(2095, 14, 25),
(2096, 37, 24),
(2097, 71, 24),
(2098, 184, 24),
(2099, 37, 25),
(2100, 184, 25),
(2101, 189, 1),
(2102, 55, 24),
(2103, 96, 24),
(2104, 63, 24),
(2105, 39, 24),
(2106, 39, 25),
(2107, 32, 24),
(2108, 30, 24),
(2109, 30, 25),
(2110, 55, 25),
(2111, 189, 2),
(2112, 32, 25),
(2113, 63, 25),
(2114, 42, 25),
(2115, 71, 25),
(2116, 182, 1),
(2117, 190, 1),
(2118, 182, 22),
(2119, 26, 26),
(2120, 67, 24),
(2121, 182, 23),
(2122, 132, 1),
(2123, 55, 26),
(2124, 180, 24),
(2125, 67, 25),
(2126, 20, 1),
(2127, 42, 1),
(2128, 20, 24),
(2129, 180, 25),
(2130, 63, 26),
(2131, 184, 26),
(2132, 182, 24),
(2133, 144, 1),
(2134, 20, 25),
(2135, 41, 24),
(2136, 144, 24),
(2137, 41, 25),
(2138, 30, 26),
(2139, 180, 26),
(2140, 39, 26),
(2141, 14, 26),
(2142, 9, 30),
(2143, 96, 25),
(2144, 144, 25),
(2145, 14, 1),
(2146, 20, 26),
(2147, 53, 1),
(2148, 182, 25),
(2149, 67, 26),
(2150, 109, 26),
(2151, 42, 26),
(2152, 68, 24),
(2153, 97, 21),
(2154, 97, 22),
(2155, 68, 25),
(2156, 165, 24),
(2157, 165, 25),
(2158, 97, 23),
(2159, 124, 1),
(2160, 98, 1),
(2161, 98, 1),
(2162, 118, 1),
(2163, 98, 20),
(2164, 118, 21),
(2165, 106, 1),
(2166, 98, 21),
(2167, 37, 26),
(2168, 121, 1),
(2169, 71, 26),
(2170, 41, 26),
(2171, 96, 26),
(2172, 97, 24),
(2173, 121, 21),
(2174, 41, 1),
(2175, 180, 1),
(2176, 97, 25),
(2177, 54, 1),
(2178, 54, 20),
(2179, 106, 21),
(2180, 54, 21),
(2181, 106, 22),
(2182, 124, 22),
(2183, 14, 27),
(2184, 30, 27),
(2185, 165, 26),
(2186, 97, 26),
(2187, 30, 1),
(2188, 180, 27),
(2189, 106, 23),
(2190, 124, 23),
(2191, 184, 27),
(2192, 20, 27),
(2193, 32, 26),
(2194, 106, 24),
(2195, 124, 24),
(2196, 124, 25),
(2197, 106, 25),
(2198, 124, 26),
(2199, 191, 1),
(2200, 106, 26),
(2201, 37, 27),
(2202, 41, 27),
(2203, 10, 1),
(2204, 71, 27),
(2205, 191, 2),
(2206, 191, 3),
(2207, 113, 1),
(2208, 39, 1),
(2209, 39, 27),
(2210, 118, 22),
(2211, 68, 26),
(2212, 54, 22),
(2213, 191, 4),
(2214, 45, 1),
(2215, 121, 1),
(2216, 32, 27),
(2217, 20, 28),
(2218, 45, 2),
(2219, 121, 22),
(2220, 180, 1),
(2221, 45, 3),
(2222, 121, 23),
(2223, 27, 1),
(2224, 45, 4),
(2225, 14, 28),
(2226, 41, 28),
(2227, 30, 28),
(2228, 37, 28),
(2229, 121, 24),
(2230, 67, 27),
(2231, 98, 22),
(2232, 54, 23),
(2233, 118, 23),
(2234, 118, 24),
(2235, 98, 23),
(2236, 67, 28),
(2237, 118, 25),
(2238, 118, 26),
(2239, 98, 24),
(2240, 121, 25),
(2241, 180, 28),
(2242, 71, 28),
(2243, 55, 27),
(2244, 42, 1),
(2245, 98, 25),
(2246, 98, 26),
(2247, 68, 1),
(2248, 68, 27),
(2249, 63, 27),
(2250, 121, 26),
(2251, 41, 29),
(2252, 32, 28),
(2253, 106, 27),
(2254, 32, 29),
(2255, 42, 27),
(2256, 96, 27),
(2257, 20, 29),
(2258, 45, 5),
(2259, 37, 29),
(2260, 184, 28),
(2261, 191, 5),
(2262, 30, 29),
(2263, 96, 28),
(2264, 180, 29),
(2265, 42, 28),
(2266, 97, 27),
(2267, 14, 29),
(2268, 106, 28),
(2269, 55, 28),
(2270, 39, 28),
(2271, 39, 29),
(2272, 54, 24),
(2273, 191, 6),
(2274, 63, 28),
(2275, 184, 29),
(2276, 45, 6),
(2277, 71, 29),
(2278, 97, 28),
(2279, 106, 29),
(2280, 96, 29),
(2281, 42, 29),
(2282, 53, 1),
(2283, 68, 28),
(2284, 55, 29),
(2285, 157, 1),
(2286, 122, 1),
(2287, 124, 27),
(2288, 157, 1),
(2289, 63, 29),
(2290, 124, 28),
(2291, 124, 29),
(2292, 9, 31),
(2293, 167, 1),
(2294, 26, 27),
(2295, 26, 28),
(2296, 141, 1),
(2297, 191, 7),
(2298, 45, 7),
(2299, 97, 29),
(2300, 53, 11),
(2301, 53, 12),
(2302, 53, 13),
(2303, 26, 29),
(2304, 53, 14),
(2305, 42, 1),
(2306, 53, 15),
(2307, 182, 1),
(2308, 53, 16),
(2309, 53, 17),
(2310, 53, 18),
(2311, 20, 30),
(2312, 53, 19),
(2313, 53, 20),
(2314, 26, 30),
(2315, 67, 29),
(2316, 53, 21),
(2317, 30, 30),
(2318, 53, 22),
(2319, 165, 27),
(2320, 54, 25),
(2321, 41, 30),
(2322, 37, 30),
(2323, 180, 30),
(2324, 53, 23),
(2325, 14, 30),
(2326, 13, 1),
(2327, 53, 24),
(2328, 53, 25),
(2329, 20, 31),
(2330, 26, 31),
(2331, 184, 30),
(2332, 157, 1),
(2333, 30, 31),
(2334, 53, 26),
(2335, 41, 31),
(2336, 37, 31),
(2337, 180, 31),
(2338, 14, 31),
(2339, 184, 31),
(2340, 32, 30),
(2341, 71, 1),
(2342, 42, 30),
(2343, 42, 31),
(2344, 96, 30),
(2345, 32, 31),
(2346, 71, 30),
(2347, 96, 31),
(2348, 63, 30),
(2349, 43, 1),
(2350, 71, 31),
(2351, 55, 30);

-- --------------------------------------------------------

--
-- Table structure for table `questions`
--

CREATE TABLE `questions` (
  `question_id` int(11) NOT NULL,
  `question` varchar(255) COLLATE utf8_unicode_ci NOT NULL,
  `answer` varchar(255) COLLATE utf8_unicode_ci NOT NULL,
  `path` varchar(255) COLLATE utf8_unicode_ci NOT NULL
) ENGINE=InnoDB DEFAULT CHARSET=utf8 COLLATE=utf8_unicode_ci;

--
-- Dumping data for table `questions`
--

INSERT INTO `questions` (`question_id`, `question`, `answer`, `path`) VALUES
(1, '', 'skysports', '/assets/images/ques/AqPLbM.png'),
(2, '', 'prithvi', '/assets/images/ques/MImnfB.png'),
(3, '', 'jean grey', '/assets/images/ques/FzhaBu.png'),
(4, '', 'eros', '/assets/images/ques/XijNpq.png'),
(5, '', 'saturn', '/assets/images/ques/wMqKlj.png'),
(6, '', 'starfox', '/assets/images/ques/xqhTyf.png'),
(7, '', 'indra', '/assets/images/ques/WyOXYm.png'),
(8, '', 'percy jackson', '/assets/images/ques/BqpgLN.png'),
(9, '', 'new horizon', '/assets/images/ques/LMtixT.png'),
(10, '', 'bordeaux', '/assets/images/ques/VGylts.png'),
(11, '', 'atlantic ocean', '/assets/images/ques/XNlmfq.png'),
(12, '', 'lightning', '/assets/images/ques/pzlIKS.png'),
(13, '', 'prometheus', '/assets/images/ques/aAgXLJ.png'),
(14, '', 'apollo 13', '/assets/images/ques/BGcxul.png'),
(15, '', 'mount othrys', '/assets/images/ques/UxmtLf.png'),
(16, '', 'mount olympus', '/assets/images/ques/Hlxbmn.png'),
(17, '', 'typhon', '/assets/images/ques/Ggflnj.png'),
(18, '', 'gaia', '/assets/images/ques/MqlRXL.png'),
(19, '', 'pandora', '/assets/images/ques/TLpznB.png'),
(20, '', 'chateau de goulaine', '/assets/images/ques/dpKjtM.png'),
(21, '', 'parthenon', '/assets/images/ques/QyKnOU.png'),
(22, '', 'delos', '/assets/images/ques/Mjlxtf.png'),
(23, '', 'lake baikal', '/assets/images/ques/JxaAHN.png'),
(24, '', 'unesco', '/assets/images/ques/Afvljp.png'),
(25, '', 'greenwich meridian', '/assets/images/ques/KhpRVA.png'),
(26, '', 'edward john boon', '/assets/images/ques/Vpltjb.png'),
(27, '', 'mag the mighty', '/assets/images/ques/tgXZqz.png'),
(28, '', 'mount cyllene', '/assets/images/ques/BxRTJb.png'),
(29, '', 'aeolia', '/assets/images/ques/Fltpjh.png'),
(30, '', 'titanomachy', '/assets/images/ques/YpRNOj.png'),
(31, '', '', '/assets/images/backgroundR.jpg');

-- --------------------------------------------------------

--
-- Table structure for table `rank`
--

CREATE TABLE `rank` (
  `id` int(11) NOT NULL,
  `name` varchar(255) COLLATE utf8_unicode_ci NOT NULL,
  `user_id` int(11) NOT NULL,
  `question_id` int(11) NOT NULL
) ENGINE=InnoDB DEFAULT CHARSET=utf8 COLLATE=utf8_unicode_ci;

--
-- Dumping data for table `rank`
--

INSERT INTO `rank` (`id`, `name`, `user_id`, `question_id`) VALUES
(10, 'BOSS', 9, 31),
(11, 'Chirag goyal', 10, 3),
(12, 'Shikhar Pandey', 11, 3),
(13, 'Saksham Tiwari', 12, 6),
(14, 'Aman Yadav', 13, 3),
(15, 'utkarsh gupta', 14, 31),
(16, 'Yash Srivastava', 15, 20),
(17, 'Tanveer Ahmad', 16, 20),
(18, 'Manvendra Pal', 17, 3),
(19, 'Shubhendra Yadav', 18, 11),
(20, 'Piyush Pandey', 19, 2),
(21, 'Rishabh Rai', 20, 31),
(22, 'aman agrahari', 21, 5),
(23, 'Mukul Singh', 22, 5),
(24, 'AYUSHI BAJPAI', 23, 2),
(25, 'Sattu Singh', 24, 1),
(26, 'Simiran Mohapatra', 25, 1),
(27, 'Shaurya Pandey', 26, 31),
(28, 'ayush bajpai', 27, 3),
(29, 'SHASHWAT PANADEY', 28, 2),
(30, 'Riddhima Singh', 29, 14),
(31, 'Vaibhav Gupta', 30, 31),
(32, 'BHAVANA SINGH', 31, 1),
(33, 'Jeet Gangwar', 32, 31),
(34, 'Adarsh Pandey', 33, 6),
(35, 'sachin gupta', 34, 1),
(36, 'Divyank Gupta', 35, 1),
(37, 'Anshul Gautam', 36, 15),
(38, 'Yogesh Pandey', 37, 31),
(39, 'warrior\'s Singh', 38, 1),
(40, 'Mihai Popescu', 39, 29),
(41, 'Momin Raza', 40, 1),
(42, 'shivam rajput', 41, 31),
(43, 'ankit mishra', 42, 31),
(44, 'Shivam Gupta', 43, 7),
(45, 'Akshay Anand', 44, 1),
(46, 'Shilpi Gupta', 45, 7),
(47, 'Shimran Bhatia', 46, 1),
(48, 'Shikher Sinha', 47, 2),
(49, 'SHIVA VERMA', 48, 6),
(50, 'Priyanka Sharma', 49, 14),
(51, 'ARPIT AWASTHI', 50, 2),
(52, 'Anuj Kumar', 51, 2),
(53, 'Ragesh V', 52, 3),
(54, 'Tushar Gupta', 53, 26),
(55, 'Vishwas Singh', 54, 25),
(56, 'Nitika Vyas', 55, 30),
(57, 'Aditya Singh', 56, 15),
(58, 'ANKIT KUMAR', 57, 1),
(59, 'SARAS COMMEDIA', 58, 5),
(60, 'George-Peter Anagnostou', 59, 1),
(61, 'hell rider', 60, 4),
(62, 'Oye Bewakoof', 61, 1),
(63, 'shweta gautam', 62, 1),
(64, 'shailja tripathi', 63, 30),
(65, 'Devansh Mishra', 64, 2),
(66, 'Ayush Srivastava', 65, 1),
(67, 'sarthak singh', 66, 5),
(68, 'Harsh Srivastava', 67, 29),
(69, 'king arya', 68, 28),
(70, 'chirag goyal', 69, 1),
(71, 'Utkarsh Atrey', 70, 5),
(72, 'RACHIT GUPTA', 71, 31),
(73, 'VIVEK RAI', 72, 1),
(74, 'shailesh Kumar', 73, 1),
(75, 'Pranjal Dwivedi', 74, 14),
(76, 'harshit mittal', 75, 2),
(77, 'Aman Rajpoot', 76, 15),
(78, 'Rajat Khemka', 77, 2),
(79, 'Aman Rajpoot', 78, 1),
(80, 'Ayush Verma', 79, 12),
(81, 'Arsh Rajput', 80, 1),
(82, 'Chandra Prakash Rajpoot', 81, 4),
(83, 'Abhinit Singh', 82, 5),
(84, 'Mohd Saif', 83, 1),
(85, 'shivam gupta', 84, 3),
(86, 'Naini Tyagi', 85, 2),
(87, 'Shivam Yadav', 86, 1),
(88, 'sambhavi pandey', 87, 7),
(89, 'ankush dhaak', 88, 1),
(90, 'neha singh', 89, 1),
(91, 'suchita yadav', 90, 1),
(92, 'Shreyaksh Kashoudhan', 91, 6),
(93, 'Priyank Verma', 92, 3),
(94, 'ranjeet rai', 93, 1),
(95, 'Pranav rahul', 94, 3),
(96, 'Aayushi Nigam', 95, 1),
(97, 'Vaibhav gupta', 96, 31),
(98, 'akash maurya chemistry tutorial', 97, 29),
(99, 'Aryansh Singh Rajpoot', 98, 26),
(100, 'Nikhil Markandeya', 99, 3),
(101, 'Jyoti Gautam', 100, 1),
(102, 'Manvendra Singh', 101, 5),
(103, 'Rashtra Singh', 102, 1),
(104, 'Arjun Malik', 103, 14),
(105, 'Pranjal yadav', 104, 3),
(106, 'Puneet Kumar', 105, 4),
(107, 'Ashutosh Singh', 106, 29),
(108, '17438Pranjal Yadav', 107, 4),
(109, 'Rocking Shivang Gupta', 108, 3),
(110, 'Beast Incarnate', 109, 26),
(111, 'divya jain', 110, 13),
(112, 'yash maheshwari', 111, 6),
(113, 'Aditya Srivastava', 112, 20),
(114, 'Prakhar Vijay', 113, 6),
(115, '12345 54321', 114, 4),
(116, 'shailesh singh', 115, 2),
(117, 'Piyush garg', 116, 1),
(118, 'Karandeep Singh', 117, 13),
(119, 'Shreshth Bharti', 118, 26),
(120, 'Hence Proved', 119, 2),
(121, 'Utkarsh Rai', 120, 14),
(122, 'ashutosh rahulan', 121, 26),
(123, 'vikas Chauhan', 122, 20),
(124, 'Shiva', 123, 1),
(125, 'Gaurav Rai', 124, 29),
(126, 'divyanshu shukla', 125, 7),
(127, 'Naman Gupta', 126, 6),
(128, 'alvis suryavanshi', 127, 16),
(129, 'vaibhav pandey', 128, 7),
(130, 'Ashutosh Kumar', 129, 20),
(131, 'Sumit Yadav', 130, 20),
(132, 'Ayush Gupta', 131, 1),
(133, 'Satyam Murathiya', 132, 1),
(134, 'special one', 133, 1),
(135, 'Go Gaming', 134, 1),
(136, 'iti singh', 135, 10),
(137, 'Evil mOrty', 136, 21),
(138, 'MOHD SHOEB', 137, 1),
(139, 'Kavya Verma', 138, 1),
(140, 'Priyanshi Gupta', 139, 15),
(141, 'Satyam Upadhyay', 140, 5),
(142, 'nidhima rathi', 141, 1),
(143, 'Baiju Bawra', 142, 7),
(144, 'Vijay Pandey', 143, 7),
(145, 'Ayush Srivastava', 144, 25),
(146, 'Chakresh. Varshney', 145, 3),
(147, 'shailendra kumar', 146, 1),
(148, 'yash singh', 147, 20),
(149, 'varun arya', 148, 20),
(150, 'mukul singh', 149, 17),
(151, 'Deependra Singh', 150, 8),
(152, 'Vipul Kumar', 151, 12),
(153, 'Anmol Singh', 152, 16),
(154, 'Minakshi Sharma', 153, 7),
(155, 'Utsav Srivastav', 154, 1),
(156, 'deepanshu goel', 155, 1),
(157, 'abhi nandi', 156, 1),
(158, 'diksha gupta', 157, 9),
(159, 'Mohd Arshad', 158, 6),
(160, '17542 Priyanka Verma', 159, 10),
(161, 'Himanshu Red', 160, 1),
(162, 'ashish gaur', 161, 15),
(163, 'Praharsh Awasthi', 162, 15),
(164, 'Shweta Yadav', 163, 1),
(165, 'Shivendra Yadav', 164, 15),
(166, 'Prince Kuntal', 165, 27),
(167, 'Shivani Tripathi', 166, 14),
(168, 'Sudipta Biswas', 167, 14),
(169, 'Himanshu Singh', 168, 21),
(170, 'Saket Tripathi', 169, 5),
(171, 'Anita Patel', 170, 6),
(172, 'P S', 171, 14),
(173, 'AMIT SINGH', 172, 1),
(174, 'Manish Kumar Yadav', 173, 1),
(175, 'Lost AMV', 174, 1),
(176, 'Prakhar Srivastava', 175, 1),
(177, 'swapnil joshi', 176, 8),
(178, 'Someone Noone', 177, 1),
(179, 'Roushan Singh', 178, 1),
(180, 'Ansil Shajil', 179, 1),
(181, 'Yogesh Patil', 180, 31),
(182, 'Shruti Singh', 181, 1),
(183, 'Shradha Ojha', 182, 25),
(184, 'Shanu Singh', 183, 1),
(185, 'Dushyant Pandit', 184, 31),
(186, 'Ashish kumar', 185, 9),
(187, 'Harsh Srivastava', 186, 6),
(188, 'rishabh rai', 187, 1),
(189, 'Vivek Kumar Singh', 188, 2),
(190, 'Bittu Rajput', 189, 2),
(191, 'vipul kapoor', 190, 1),
(192, 'Krati Tiwari', 191, 7);

-- --------------------------------------------------------

--
-- Table structure for table `users`
--

CREATE TABLE `users` (
  `user_id` int(11) NOT NULL,
  `name` varchar(255) COLLATE utf8_unicode_ci NOT NULL,
  `email` varchar(255) COLLATE utf8_unicode_ci NOT NULL
) ENGINE=InnoDB DEFAULT CHARSET=utf8 COLLATE=utf8_unicode_ci;

--
-- Dumping data for table `users`
--

INSERT INTO `users` (`user_id`, `name`, `email`) VALUES
(9, 'BOSS', 'bossthejourneybegins007@gmail.com'),
(10, 'Chirag goyal', 'chirag.goyal0714@gmail.com'),
(11, 'Shikhar Pandey', 'shikhar.pandey3@gmail.com'),
(12, 'Saksham Tiwari', 'sakthedodo@gmail.com'),
(13, 'Aman Yadav', 'aman085yadav@gmail.com'),
(14, 'utkarsh gupta', 'utk313131@gmail.com'),
(15, 'Yash Srivastava', 'yashsrivastava5555@gmail.com'),
(16, 'Tanveer Ahmad', 'tanveerahmad40081@gmail.com'),
(17, 'Manvendra Pal', 'mnvenrajhfi.67@gmail.com'),
(18, 'Shubhendra Yadav', '1999shubhendra@gmail.com'),
(19, 'Piyush Pandey', 'vickypandey5250@gmail.com'),
(20, 'Rishabh Rai', 'rishabhprataprai777@gmail.com'),
(21, 'aman agrahari', 'amanagraharisdr143@gmail.com'),
(22, 'Mukul Singh', 'mukul8923@gmail.com'),
(23, 'AYUSHI BAJPAI', 'ayushibajpai1810@gmail.com'),
(24, 'Sattu Singh', 'chaicumpanii@gmail.com'),
(25, 'Simiran Mohapatra', 'simronmohapatra@gmail.com'),
(26, 'Shaurya Pandey', 'shauryapandey6113@gmail.com'),
(27, 'ayush bajpai', 'ayushbajpai269@gmail.com'),
(28, 'SHASHWAT PANADEY', 'shashwat.pandey.str@gmail.com'),
(29, 'Riddhima Singh', 'sn.rd1011@gmail.com'),
(30, 'Vaibhav Gupta', 'vibhugarg1994@gmail.com'),
(31, 'BHAVANA SINGH', 'bhavanasinghp@gmail.com'),
(32, 'Jeet Gangwar', 'jeetgangwar099@gmail.com'),
(33, 'Adarsh Pandey', 'adarshp430@gmail.com'),
(34, 'sachin gupta', 'sachingupta9596@gmail.com'),
(35, 'Divyank Gupta', 'divyank9012@gmail.com'),
(36, 'Anshul Gautam', 'anshulgautam422@gmail.com'),
(37, 'Yogesh Pandey', 'yogeshpandey972001@gmail.com'),
(38, 'warrior\'s Singh', 'abhilashajitendra@gmail.com'),
(39, 'Mihai Popescu', 'mishu.arad@gmail.com'),
(40, 'Momin Raza', 'mominr082@gmail.com'),
(41, 'shivam rajput', 'rajputshivam609@gmail.com'),
(42, 'ankit mishra', 'ankitmishra002017@gmail.com'),
(43, 'Shivam Gupta', 'shivam.gupta.111164@gmail.com'),
(44, 'Akshay Anand', 'aanand1470@gmail.com'),
(45, 'Shilpi Gupta', 'shilpigupta5968@gmail.com'),
(46, 'Shimran Bhatia', 'bhatiashimran@gmail.com'),
(47, 'Shikher Sinha', 'shikher225112@gmail.com'),
(48, 'SHIVA VERMA', 'vermashiva2199@gmail.com'),
(49, 'Priyanka Sharma', 'priyankasharma09148@gmail.com'),
(50, 'ARPIT AWASTHI', 'thearpitawasthi@gmail.com'),
(51, 'Anuj Kumar', 'anuj47kumar@gmail.com'),
(52, 'Ragesh V', 'ragesh10ten@gmail.com'),
(53, 'Tushar Gupta', 'tgupta170890@gmail.com'),
(54, 'Vishwas Singh', 'vishwaschandra28@gmail.com'),
(55, 'Nitika Vyas', 'nitikavyas99@gmail.com'),
(56, 'Aditya Singh', 'adigeak29@gmail.com'),
(57, 'ANKIT KUMAR', 'kumarankitbargawan@gmail.com'),
(58, 'SARAS COMMEDIA', 'shakyasaurabh312@gmail.com'),
(59, 'George-Peter Anagnostou', 'panathas012@gmail.com'),
(60, 'hell rider', 'hellr885@gmail.com'),
(61, 'Oye Bewakoof', 'oyebewakoof@gmail.com'),
(62, 'shweta gautam', 'shwetagautam506@gmail.com'),
(63, 'shailja tripathi', 'shailjatwr17@gmail.com'),
(64, 'Devansh Mishra', 'mishra56devansh@gmail.com'),
(65, 'Ayush Srivastava', 'ayushshivaji@gmail.com'),
(66, 'sarthak singh', 'sarthakvasu8797@gmail.com'),
(67, 'Harsh Srivastava', 'harshsrivastavqwertyuiop@gmail.com'),
(68, 'king arya', 'kingarya1020304050@gmail.com'),
(69, 'chirag goyal', 'chiragknit@gmail.com'),
(70, 'Utkarsh Atrey', 'utkarshatrey8594@gmail.com'),
(71, 'RACHIT GUPTA', 'rachitgupta758@gmail.com'),
(72, 'VIVEK RAI', 'raivivek29398@gmail.com'),
(73, 'shailesh Kumar', 'shaileshkmr135@gmail.com'),
(74, 'Pranjal Dwivedi', 'pranjaldwivedi511@gmail.com'),
(75, 'harshit mittal', 'harshitmittal416@gmail.com'),
(76, 'Aman Rajpoot', 'youghforwcc2@gmail.com'),
(77, 'Rajat Khemka', 'khemka.rajat@gmail.com'),
(78, 'Aman Rajpoot', 'amanrajpoot130699@gmail.com'),
(79, 'Ayush Verma', 'ayush31613@gmail.com'),
(80, 'Arsh Rajput', 'nikhildgrt.nis@gmail.com'),
(81, 'Chandra Prakash Rajpoot', 'crajpoot07@gmail.com'),
(82, 'Abhinit Singh', 'abhinit710@gmail.com'),
(83, 'Mohd Saif', 'saifnafees55@gmail.com'),
(84, 'shivam gupta', 'shiv27gupta11@gmail.com'),
(85, 'Naini Tyagi', 'naini24april@gmail.com'),
(86, 'Shivam Yadav', 'shivamyadav20886@gmail.com'),
(87, 'sambhavi pandey', 'pandeysambhi@gmail.com'),
(88, 'ankush dhaak', 'ankushdhaak@gmail.com'),
(89, 'neha singh', 'nehasingh3910@gmail.com'),
(90, 'suchita yadav', 'suchitayadav73@gmail.com'),
(91, 'Shreyaksh Kashoudhan', 's.kashoudhan011@gmail.com'),
(92, 'Priyank Verma', 'priyankverma668@gmail.com'),
(93, 'ranjeet rai', 'ranjeetrai.gkp@gmail.com'),
(94, 'Pranav rahul', 'prbly2017@gmail.com'),
(95, 'Aayushi Nigam', 'nigamaayushi03@gmail.com'),
(96, 'Vaibhav gupta', 'vaisindgupta@gmail.com'),
(97, 'akash maurya chemistry tutorial', 'akashsasvs999@gmail.com'),
(98, 'Aryansh Singh Rajpoot', 'aryanshsinghrajpoot@gmail.com'),
(99, 'Nikhil Markandeya', 'markandeyanikhil96@gmail.com'),
(100, 'Jyoti Gautam', 'jyotigautam1752@gmail.com'),
(101, 'Manvendra Singh', 'manvendrasingh7800285396@gmail.com'),
(102, 'Rashtra Singh', 'rashtrasingh1999@gmail.com'),
(103, 'Arjun Malik', 'arjunmalik7802@gmail.com'),
(104, 'Pranjal yadav', 'yadavpranjal26@gmail.com'),
(105, 'Puneet Kumar', 'puneet16638@gmail.com'),
(106, 'Ashutosh Singh', 'ashutoshsinghk192@gmail.com'),
(107, '17438Pranjal Yadav', 'pranjaly191@gmail.com'),
(108, 'Rocking Shivang Gupta', 'utkarshgupta281999@gmail.com'),
(109, 'Beast Incarnate', 'beast.incarnate07@gmail.com'),
(110, 'divya jain', 'favoureddivya444@gmail.com'),
(111, 'yash maheshwari', 'yyash145@gmail.com'),
(112, 'Aditya Srivastava', 'srivastavaadi17@gmail.com'),
(113, 'Prakhar Vijay', 'prakharvijay083@gmail.com'),
(114, '12345 54321', 'dinothum@gmail.com'),
(115, 'shailesh singh', 'nameshevans@gmail.com'),
(116, 'Piyush garg', 'piyushgarg824@gmail.com'),
(117, 'Karandeep Singh', 'karandeepjabbal@gmail.com'),
(118, 'Shreshth Bharti', 'shreshthbhartiji@gmail.com'),
(119, 'Hence Proved', 'henceproved13@gmail.com'),
(120, 'Utkarsh Rai', 'raiutkarsh02@gmail.com'),
(121, 'ashutosh rahulan', 'arashutoshr0@gmail.com'),
(122, 'vikas Chauhan', 'sandeeppakhanpur@gmail.com'),
(123, 'Shiva', 'shivnathygkp@gmail.com'),
(124, 'Gaurav Rai', 'gauravraisahab1999@gmail.com'),
(125, 'divyanshu shukla', 'divyanshukla777@gmail.com'),
(126, 'Naman Gupta', 'snkgsanskarnaman@gmail.com'),
(127, 'alvis suryavanshi', 'alvis.surya@gmail.com'),
(128, 'vaibhav pandey', 'pandeyvaibhav9415@gmail.com'),
(129, 'Ashutosh Kumar', 'ashusln90@gmail.com'),
(130, 'Sumit Yadav', 'sumitsyadav2105@gmail.com'),
(131, 'Ayush Gupta', 'ayushgupta224466@gmail.com'),
(132, 'Satyam Murathiya', 'stymmurathiya1@gmail.com'),
(133, 'special one', 'vishesh.tiwari2427@gmail.com'),
(134, 'Go Gaming', 'maurya.akash2000@gmail.com'),
(135, 'iti singh', '7895itivi@gmail.com'),
(136, 'Evil mOrty', 'emo23659@gmail.com'),
(137, 'MOHD SHOEB', 'shoeb999mohd@gmail.com'),
(138, 'Kavya Verma', 'kavyavermably@gmail.com'),
(139, 'Priyanshi Gupta', 'priyanshi.gupta8816@gmail.com'),
(140, 'Satyam Upadhyay', 'satyamupadhyay179@gmail.com'),
(141, 'nidhima rathi', 'rathinidhima@gmail.com'),
(142, 'Baiju Bawra', 'arjun16615@gmail.com'),
(143, 'Vijay Pandey', 'vijay4pandey00@gmail.com'),
(144, 'Ayush Srivastava', 'ayushanp1982@gmail.com'),
(145, 'Chakresh. Varshney', 'chakresh.244@gmail.com'),
(146, 'shailendra kumar', 'kumarid7865@gmail.com'),
(147, 'yash singh', 'yashkr68@gmail.com'),
(148, 'varun arya', 'aryavarun83@gmail.com'),
(149, 'mukul singh', 'mukul.singhjuly05@gmail.com'),
(150, 'Deependra Singh', 'deependrasingh746@gmail.com'),
(151, 'Vipul Kumar', 'vipul00107@gmail.com'),
(152, 'Anmol Singh', 'anmol1520singh@gmail.com'),
(153, 'Minakshi Sharma', 'minakshisharma7007@gmail.com'),
(154, 'Utsav Srivastav', 'utsavs64@gmail.com'),
(155, 'deepanshu goel', 'deepanshugoel1110@gmail.com'),
(156, 'abhi nandi', 'abhirockz9089@gmail.com'),
(157, 'diksha gupta', 'dikshag280@gmail.com'),
(158, 'Mohd Arshad', 'mohdarshad8668@gmail.com'),
(159, '17542 Priyanka Verma', 'priyankavermapcs@gmail.com'),
(160, 'Himanshu Red', 'himanshured1997@gmail.com'),
(161, 'ashish gaur', 'beingashish99@gmail.com'),
(162, 'Praharsh Awasthi', 'awasthi.praharsh@gmail.com'),
(163, 'Shweta Yadav', 'shwetaydv81@gmail.com'),
(164, 'Shivendra Yadav', 'shivendra01.yadav@gmail.com'),
(165, 'Prince Kuntal', 'psk.prince1998@gmail.com'),
(166, 'Shivani Tripathi', 'shivanitripathi998@gmail.com'),
(167, 'Sudipta Biswas', 'biswassudipta05@gmail.com'),
(168, 'Himanshu Singh', 'himanshusingh271149@gmail.com'),
(169, 'Saket Tripathi', 'sakettripathi65@gmail.com'),
(170, 'Anita Patel', 'anitapatel2050@gmail.com'),
(171, 'P S', 'pushpakshukla17@gmail.com'),
(172, 'AMIT SINGH', 'amit007510@gmail.com'),
(173, 'Manish Kumar Yadav', 'manishkumaryadava1121@gmail.com'),
(174, 'Lost AMV', 'ayushclashofclans1@gmail.com'),
(175, 'Prakhar Srivastava', 'prakharprakash57@gmail.com'),
(176, 'swapnil joshi', 'joshisunny9@gmail.com'),
(177, 'Someone Noone', 'everyone.set@gmail.com'),
(178, 'Roushan Singh', 'roushansingh34@gmail.com'),
(179, 'Ansil Shajil', 'ansilsshajilindia@gmail.com'),
(180, 'Yogesh Patil', 'yepatil@gmail.com'),
(181, 'Shruti Singh', 'sshrutisinghss@gmail.com'),
(182, 'Shradha Ojha', 'www.shradhaojha20799@gmail.com'),
(183, 'Shanu Singh', 'shanusinghknit03@gmail.com'),
(184, 'Dushyant Pandit', 'dushyantrock2003@gmail.com'),
(185, 'Ashish kumar', 'as8529504393@gmail.com'),
(186, 'Harsh Srivastava', 'crazyharsh96@gmail.com'),
(187, 'rishabh rai', 'rrai2229@gmail.com'),
(188, 'Vivek Kumar Singh', 'vschs007@gmail.com'),
(189, 'Bittu Rajput', 'b2rajput224@gmail.com'),
(190, 'vipul kapoor', 'vipulkapoor2009@gmail.com'),
(191, 'Krati Tiwari', 'krati.99tiwari@gmail.com');

--
-- Indexes for dumped tables
--

--
-- Indexes for table `bannedUser`
--
ALTER TABLE `bannedUser`
  ADD PRIMARY KEY (`id`);

--
-- Indexes for table `leader`
--
ALTER TABLE `leader`
  ADD PRIMARY KEY (`id`),
  ADD KEY `user_id` (`user_id`),
  ADD KEY `question_id` (`question_id`);

--
-- Indexes for table `questions`
--
ALTER TABLE `questions`
  ADD PRIMARY KEY (`question_id`);

--
-- Indexes for table `rank`
--
ALTER TABLE `rank`
  ADD PRIMARY KEY (`id`);

--
-- Indexes for table `users`
--
ALTER TABLE `users`
  ADD PRIMARY KEY (`user_id`);

--
-- AUTO_INCREMENT for dumped tables
--

--
-- AUTO_INCREMENT for table `bannedUser`
--
ALTER TABLE `bannedUser`
  MODIFY `id` int(11) NOT NULL AUTO_INCREMENT;

--
-- AUTO_INCREMENT for table `leader`
--
ALTER TABLE `leader`
  MODIFY `id` int(11) NOT NULL AUTO_INCREMENT, AUTO_INCREMENT=2352;

--
-- AUTO_INCREMENT for table `questions`
--
ALTER TABLE `questions`
  MODIFY `question_id` int(11) NOT NULL AUTO_INCREMENT, AUTO_INCREMENT=32;

--
-- AUTO_INCREMENT for table `rank`
--
ALTER TABLE `rank`
  MODIFY `id` int(11) NOT NULL AUTO_INCREMENT, AUTO_INCREMENT=193;

--
-- AUTO_INCREMENT for table `users`
--
ALTER TABLE `users`
  MODIFY `user_id` int(11) NOT NULL AUTO_INCREMENT, AUTO_INCREMENT=192;

--
-- Constraints for dumped tables
--

--
-- Constraints for table `leader`
--
ALTER TABLE `leader`
  ADD CONSTRAINT `leader_ibfk_1` FOREIGN KEY (`user_id`) REFERENCES `users` (`user_id`),
  ADD CONSTRAINT `leader_ibfk_2` FOREIGN KEY (`question_id`) REFERENCES `questions` (`question_id`);
COMMIT;

/*!40101 SET CHARACTER_SET_CLIENT=@OLD_CHARACTER_SET_CLIENT */;
/*!40101 SET CHARACTER_SET_RESULTS=@OLD_CHARACTER_SET_RESULTS */;
/*!40101 SET COLLATION_CONNECTION=@OLD_COLLATION_CONNECTION */;
